hello.test,INGEST,a2c8a38d-b427-4754-88f7-066e4e4ed000,2021-03-01 00:17:06.564+00
hello.test,INGEST,555898e6-fbe0-4bdd-9fcb-45bcb3d43143,2021-03-01 00:17:06.564+00
hello.test,INGEST,3c8f52df-c215-419c-be56-8d1c9fe7f40f,2021-03-01 00:17:06.564+00
hello.test,INGEST,7b55d81c-419c-402f-b255-b6cb48a8db0b,2021-03-01 00:17:06.564+00
hello.test,INGEST,a2f5a47f-6315-4bf8-a102-13cc6d6c343f,2021-03-01 00:17:06.564+00
hello.test,INGEST,db7cdd01-05ef-4996-a85b-554642d55d88,2021-03-01 00:17:11.367+00
hello.test,INGEST,8b5623ec-1ff1-45e4-87cf-3d9eaf149497,2021-03-01 00:17:11.778+00
hello.test,INGEST,5e1ed441-3e55-48a9-afdf-c4a095d5167e,2021-03-01 00:17:11.778+00
hello.test,INGEST,0f04f014-1ad2-4042-8534-27faa5ea6516,2021-03-01 00:17:14.139+00
hello.test,INGEST,dd257af7-0f92-4c03-8aeb-3698d34d0ec6,2021-03-01 00:17:14.139+00
hello.test,INGEST,5923595a-688b-4cdd-9490-8f093f1455f6,2021-03-01 00:17:18.015+00
hello.test,INGEST,51bf7b72-19a9-4018-9fdd-0464822870a6,2021-03-01 00:17:05.26+00
hello.test,INGEST,761a590a-fec7-4364-9588-02ecd6022145,2021-03-01 00:17:05.26+00
hello.test,INGEST,4f1aab43-7a6a-44c7-b06f-a7ffd5d16895,2021-03-01 00:17:05.26+00
hello.test,INGEST,7abfa6c7-bbab-4041-84a6-eacc7ed9a3f7,2021-03-01 00:17:06.564+00